INSERT INTO customers (first_name, last_name, email, phone, address, city, state, zip_code, country, registration_date, customer_segment, total_spent, last_purchase_date) VALUES
('John', 'Smith', 'john.smith@email.com', '555-0101', '123 Main St', 'New York', 'NY', '10001', 'USA', '2023-01-15', 'Gold', 1250.75, '2024-01-10'),
('Sarah', 'Johnson', 'sarah.j@email.com', '555-0102', '456 Oak Ave', 'Los Angeles', 'CA', '90210', 'USA', '2023-02-20', 'Platinum', 3200.50, '2024-01-12'),
('Mike', 'Davis', 'mike.davis@email.com', '555-0103', '789 Pine St', 'Chicago', 'IL', '60601', 'USA', '2023-03-10', 'Silver', 850.25, '2024-01-08'),
('Emily', 'Wilson', 'emily.wilson@email.com', '555-0104', '321 Elm St', 'Houston', 'TX', '77001', 'USA', '2023-04-05', 'Bronze', 450.00, '2023-12-15'),
('David', 'Brown', 'david.brown@email.com', '555-0105', '654 Maple Dr', 'Phoenix', 'AZ', '85001', 'USA', '2023-05-12', 'Gold', 1800.30, '2024-01-11'),
('Lisa', 'Garcia', 'lisa.garcia@email.com', '555-0106', '987 Cedar Ln', 'Philadelphia', 'PA', '19101', 'USA', '2023-06-18', 'Silver', 720.80, '2024-01-09'),
('Robert', 'Martinez', 'robert.m@email.com', '555-0107', '147 Birch St', 'San Antonio', 'TX', '78201', 'USA', '2023-07-22', 'Bronze', 320.45, '2023-12-20'),
('Jennifer', 'Anderson', 'jennifer.a@email.com', '555-0108', '258 Spruce Ave', 'San Diego', 'CA', '92101', 'USA', '2023-08-30', 'Platinum', 4500.75, '2024-01-13'),
('William', 'Taylor', 'william.taylor@email.com', '555-0109', '369 Walnut St', 'Dallas', 'TX', '75201', 'USA', '2023-09-14', 'Gold', 2100.60, '2024-01-07'),
('Amanda', 'Thomas', 'amanda.thomas@email.com', '555-0110', '741 Cherry Dr', 'San Jose', 'CA', '95101', 'USA', '2023-10-25', 'Silver', 680.90, '2024-01-06'),
('Christopher', 'Hernandez', 'chris.h@email.com', '555-0111', '852 Poplar Ln', 'Austin', 'TX', '73301', 'USA', '2023-11-08', 'Bronze', 280.15, '2023-12-18'),
('Jessica', 'Moore', 'jessica.moore@email.com', '555-0112', '963 Ash St', 'Jacksonville', 'FL', '32201', 'USA', '2023-12-01', 'Gold', 1650.40, '2024-01-05'),
('Daniel', 'Jackson', 'daniel.jackson@email.com', '555-0113', '159 Hickory Ave', 'Fort Worth', 'TX', '76101', 'USA', '2024-01-03', 'Bronze', 150.75, '2024-01-03'),
('Ashley', 'White', 'ashley.white@email.com', '555-0114', '357 Sycamore St', 'Columbus', 'OH', '43201', 'USA', '2024-01-08', 'Silver', 420.30, '2024-01-08'),
('Matthew', 'Harris', 'matt.harris@email.com', '555-0115', '468 Dogwood Dr', 'Charlotte', 'NC', '28201', 'USA', '2024-01-12', 'Gold', 950.85, '2024-01-12');

INSERT INTO products (product_name, category, subcategory, brand, price, cost, stock_quantity, description, created_date, is_active, weight_kg, dimensions) VALUES
('Wireless Bluetooth Headphones', 'Electronics', 'Audio', 'TechSound', 89.99, 45.00, 150, 'High-quality wireless headphones with noise cancellation', '2023-01-10', TRUE, 0.3, '20x15x8 cm'),
('Smart Fitness Watch', 'Electronics', 'Wearables', 'FitTech', 199.99, 95.00, 75, 'Advanced fitness tracking with heart rate monitor', '2023-01-15', TRUE, 0.05, '4x4x1 cm'),
('Organic Cotton T-Shirt', 'Clothing', 'Tops', 'EcoWear', 24.99, 12.00, 300, 'Comfortable organic cotton t-shirt in various colors', '2023-02-01', TRUE, 0.2, 'M-L-XL'),
('Leather Crossbody Bag', 'Accessories', 'Bags', 'LeatherCraft', 79.99, 35.00, 50, 'Genuine leather crossbody bag with multiple compartments', '2023-02-10', TRUE, 0.8, '25x20x8 cm'),
('Stainless Steel Water Bottle', 'Home & Garden', 'Kitchen', 'HydroLife', 19.99, 8.00, 200, 'Insulated stainless steel water bottle, 32oz', '2023-02-15', TRUE, 0.4, '25x7x7 cm'),
('Wireless Phone Charger', 'Electronics', 'Accessories', 'PowerUp', 29.99, 15.00, 120, 'Fast wireless charging pad for smartphones', '2023-03-01', TRUE, 0.3, '10x10x1 cm'),
('Denim Jeans', 'Clothing', 'Bottoms', 'DenimCo', 59.99, 25.00, 180, 'Classic blue denim jeans with stretch', '2023-03-10', TRUE, 0.6, '30-40 inch waist'),
('Bluetooth Speaker', 'Electronics', 'Audio', 'SoundWave', 49.99, 22.00, 100, 'Portable Bluetooth speaker with 360-degree sound', '2023-03-20', TRUE, 0.5, '15x15x8 cm'),
('Running Shoes', 'Clothing', 'Footwear', 'SportStep', 129.99, 65.00, 80, 'Lightweight running shoes with cushioned sole', '2023-04-01', TRUE, 0.7, 'US 7-12'),
('Coffee Maker', 'Home & Garden', 'Kitchen', 'BrewMaster', 89.99, 40.00, 60, 'Programmable coffee maker with thermal carafe', '2023-04-10', TRUE, 2.5, '25x20x30 cm'),
('Laptop Stand', 'Electronics', 'Accessories', 'DeskPro', 39.99, 18.00, 90, 'Adjustable aluminum laptop stand for ergonomic computing', '2023-04-20', TRUE, 0.8, '30x25x15 cm'),
('Yoga Mat', 'Sports & Fitness', 'Exercise', 'FlexiFit', 34.99, 16.00, 120, 'Non-slip yoga mat with carrying strap', '2023-05-01', TRUE, 1.2, '180x60x0.5 cm'),
('Phone Case', 'Electronics', 'Accessories', 'ProtectPro', 19.99, 8.00, 250, 'Shock-absorbing phone case with screen protector', '2023-05-10', TRUE, 0.1, 'iPhone/Android'),
('Backpack', 'Accessories', 'Bags', 'TravelGear', 69.99, 30.00, 70, 'Durable travel backpack with laptop compartment', '2023-05-20', TRUE, 1.0, '45x30x15 cm'),
('Desk Lamp', 'Home & Garden', 'Lighting', 'BrightLight', 45.99, 20.00, 85, 'LED desk lamp with adjustable brightness and color temperature', '2023-06-01', TRUE, 0.6, '35x15x40 cm');

INSERT INTO orders (customer_id, order_date, status, total_amount, shipping_address, shipping_city, shipping_state, shipping_zip, shipping_cost, tax_amount, discount_amount, promo_code, notes) VALUES
(1, '2023-12-15 10:30:00', 'Delivered', 89.99, '123 Main St', 'New York', 'NY', '10001', 5.99, 7.20, 0.00, NULL, 'Gift wrapping requested'),
(2, '2023-12-20 14:45:00', 'Delivered', 199.99, '456 Oak Ave', 'Los Angeles', 'CA', '90210', 0.00, 16.00, 20.00, 'SAVE20', 'Express shipping'),
(3, '2023-12-22 09:15:00', 'Delivered', 84.98, '789 Pine St', 'Chicago', 'IL', '60601', 4.99, 6.80, 0.00, NULL, 'Standard delivery'),
(4, '2023-12-25 16:20:00', 'Delivered', 24.99, '321 Elm St', 'Houston', 'TX', '77001', 3.99, 2.00, 0.00, NULL, 'Holiday order'),
(5, '2024-01-02 11:30:00', 'Delivered', 159.98, '654 Maple Dr', 'Phoenix', 'AZ', '85001', 0.00, 12.80, 10.00, 'NEWYEAR10', 'Priority shipping'),
(6, '2024-01-05 13:45:00', 'Delivered', 79.99, '987 Cedar Ln', 'Philadelphia', 'PA', '19101', 5.99, 6.40, 0.00, NULL, 'Signature required'),
(7, '2024-01-08 08:30:00', 'Delivered', 29.99, '147 Birch St', 'San Antonio', 'TX', '78201', 3.99, 2.40, 0.00, NULL, 'Standard delivery'),
(8, '2024-01-10 15:20:00', 'Delivered', 249.98, '258 Spruce Ave', 'San Diego', 'CA', '92101', 0.00, 20.00, 25.00, 'VIP25', 'Express delivery'),
(9, '2024-01-12 12:15:00', 'Delivered', 89.99, '369 Walnut St', 'Dallas', 'TX', '75201', 4.99, 7.20, 0.00, NULL, 'Gift message included'),
(10, '2024-01-15 10:45:00', 'Delivered', 34.99, '741 Cherry Dr', 'San Jose', 'CA', '95101', 3.99, 2.80, 0.00, NULL, 'Standard shipping'),
(11, '2024-01-18 14:30:00', 'Delivered', 19.99, '852 Poplar Ln', 'Austin', 'TX', '73301', 2.99, 1.60, 0.00, NULL, 'Economy shipping'),
(12, '2024-01-20 16:00:00', 'Delivered', 129.99, '963 Ash St', 'Jacksonville', 'FL', '32201', 6.99, 10.40, 0.00, NULL, 'Express delivery'),
(13, '2024-01-22 09:30:00', 'Delivered', 45.99, '159 Hickory Ave', 'Fort Worth', 'TX', '76101', 3.99, 3.68, 0.00, NULL, 'Standard delivery'),
(14, '2024-01-25 11:45:00', 'Delivered', 69.99, '357 Sycamore St', 'Columbus', 'OH', '43201', 4.99, 5.60, 0.00, NULL, 'Signature required'),
(15, '2024-01-28 13:20:00', 'Delivered', 199.99, '468 Dogwood Dr', 'Charlotte', 'NC', '28201', 0.00, 16.00, 15.00, 'WELCOME15', 'Free shipping');

INSERT INTO order_items (order_id, product_id, quantity, unit_price, total_price) VALUES
(1, 1, 1, 89.99, 89.99),
(2, 2, 1, 199.99, 199.99),
(3, 3, 2, 24.99, 49.98),
(3, 4, 1, 79.99, 79.99),
(4, 5, 1, 19.99, 19.99),
(5, 6, 2, 29.99, 59.98),
(5, 7, 1, 59.99, 59.99),
(6, 8, 1, 49.99, 49.99),
(6, 9, 1, 129.99, 129.99),
(7, 10, 1, 89.99, 89.99),
(8, 11, 1, 39.99, 39.99),
(8, 12, 1, 34.99, 34.99),
(8, 13, 1, 19.99, 19.99),
(9, 14, 1, 69.99, 69.99),
(10, 15, 1, 45.99, 45.99),
(11, 1, 1, 89.99, 89.99),
(12, 2, 1, 199.99, 199.99),
(13, 3, 1, 24.99, 24.99),
(14, 4, 1, 79.99, 79.99),
(15, 5, 1, 19.99, 19.99);

INSERT INTO reviews (customer_id, product_id, order_id, rating, review_title, review_text, review_date, is_verified_purchase, helpful_votes) VALUES
(1, 1, 1, 5, 'Excellent sound quality!', 'These headphones have amazing sound quality and the noise cancellation works perfectly. Great value for money.', '2023-12-20 10:00:00', TRUE, 12),
(2, 2, 2, 4, 'Great fitness tracker', 'Love the heart rate monitoring and step counting features. Battery life could be better but overall very satisfied.', '2023-12-25 14:30:00', TRUE, 8),
(3, 3, 3, 5, 'Super comfortable', 'The cotton is so soft and comfortable. Perfect fit and great quality. Will definitely buy again.', '2023-12-28 09:15:00', TRUE, 15),
(4, 5, 4, 4, 'Good water bottle', 'Keeps drinks cold for hours. The design is sleek and the cap is leak-proof. Very happy with this purchase.', '2023-12-30 16:45:00', TRUE, 6),
(5, 6, 5, 5, 'Fast charging', 'Charges my phone quickly and the pad is sturdy. Great addition to my desk setup.', '2024-01-05 11:20:00', TRUE, 9),
(6, 8, 6, 4, 'Good speaker', 'Sound quality is decent for the price. Portable and easy to use. Would recommend for casual listening.', '2024-01-08 13:10:00', TRUE, 4),
(7, 10, 7, 5, 'Perfect coffee maker', 'Makes great coffee and the programmable feature is very convenient. Easy to clean and maintain.', '2024-01-12 08:30:00', TRUE, 11),
(8, 11, 8, 4, 'Sturdy laptop stand', 'Well-built and adjustable. Helps with posture while working. Good value for the price.', '2024-01-15 15:45:00', TRUE, 7),
(9, 14, 9, 5, 'Great backpack', 'Spacious and well-organized compartments. Very comfortable to wear. Perfect for travel and daily use.', '2024-01-18 12:00:00', TRUE, 13),
(10, 15, 10, 4, 'Nice desk lamp', 'Adjustable brightness and color temperature work well. Build quality is good. Would recommend.', '2024-01-22 17:30:00', TRUE, 5);

INSERT INTO payments (order_id, payment_method, payment_status, amount, payment_date, transaction_id, refund_amount, refund_date) VALUES
(1, 'Credit Card', 'Completed', 103.18, '2023-12-15 10:35:00', 'TXN001234567', 0.00, NULL),
(2, 'PayPal', 'Completed', 195.99, '2023-12-20 14:50:00', 'PP789012345', 0.00, NULL),
(3, 'Credit Card', 'Completed', 96.76, '2023-12-22 09:20:00', 'TXN002345678', 0.00, NULL),
(4, 'Debit Card', 'Completed', 30.98, '2023-12-25 16:25:00', 'TXN003456789', 0.00, NULL),
(5, 'Credit Card', 'Completed', 162.78, '2024-01-02 11:35:00', 'TXN004567890', 0.00, NULL),
(6, 'PayPal', 'Completed', 91.38, '2024-01-05 13:50:00', 'PP890123456', 0.00, NULL),
(7, 'Credit Card', 'Completed', 36.38, '2024-01-08 08:35:00', 'TXN005678901', 0.00, NULL),
(8, 'Bank Transfer', 'Completed', 244.98, '2024-01-10 15:25:00', 'BT901234567', 0.00, NULL),
(9, 'Credit Card', 'Completed', 102.18, '2024-01-12 12:20:00', 'TXN006789012', 0.00, NULL),
(10, 'PayPal', 'Completed', 41.78, '2024-01-15 10:50:00', 'PP012345678', 0.00, NULL),
(11, 'Debit Card', 'Completed', 24.58, '2024-01-18 14:35:00', 'TXN007890123', 0.00, NULL),
(12, 'Credit Card', 'Completed', 146.38, '2024-01-20 16:05:00', 'TXN008901234', 0.00, NULL),
(13, 'Credit Card', 'Completed', 53.66, '2024-01-22 09:35:00', 'TXN009012345', 0.00, NULL),
(14, 'PayPal', 'Completed', 80.58, '2024-01-25 11:50:00', 'PP123456789', 0.00, NULL),
(15, 'Credit Card', 'Completed', 200.99, '2024-01-28 13:25:00', 'TXN010123456', 0.00, NULL);